{"0": 2.882641925056216e-05, "1": 2.3243979780799056e-05, "2": 3.248037477310005e-05, "3": 2.0095440294622874e-05, "4": 3.16537041752034e-05, "5": 2.9260660300019425e-05, "6": 2.5536184863173063e-05, "7": 4.478727494667525e-05, "8": 1.537838306552528e-05, "9": 2.9640741806800655e-05, "10": 3.675212831589699e-05, "11": 3.329327645138478e-05, "12": 1.334105893603689e-05, "13": 3.394293152277452e-05, "14": 2.8457947463798287e-05, "15": 2.622192652978204e-05, "16": 3.56126017002772e-05, "17": 2.997733102318641e-05, "18": 3.060371410979157e-05, "19": 2.4529704525473834e-05, "20": 3.27400035196587e-05, "21": 4.374690684798524e-05, "22": 2.7286698443230866e-05, "23": 3.0250390925709935e-05, "24": 3.225824887090206e-05, "25": 3.9668332105023434e-05, "26": 1.8758076203870114e-05, "27": 3.5736727389389476e-05, "28": 4.053858718291515e-05, "29": 3.4839281235214786e-05, "30": 2.41725017315273e-05, "31": 4.29309617096891e-05}